{"exchangeRate":2.501442966472303,"interestRate":2.0107142857142857,"compoundingRate":"1","moneySupply":3,"bondSupply":0,"bondPrice":1}